{
   "layout":{
      "pages":[
         {
            "id":"phpIPAM",
            "title":"phpIPAM endpoint",
            "sections":[
               {
                  "id":"secion_1",
                  "fields":[
                     {
                        "id":"privateKeyid",
                        "display":"textField"
                     },
                     {
                        "id":"privateKey",
                        "display":"textField"
                     },
                     {"id":"username","display":"textField"},
                     {"id":"password","display":"textField"},
                     {
                        "id":"hostName",
                        "display":"textField"
                     },
                     {
                        "id":"properties",
                        "display":"datagrid",
                        "state":{
                           "visible":true,
                           "read-only":false,
                           "hidden-fields":[

                           ]
                        }
                     }
                  ]
               }
            ]
         }
      ]
   },
   "schema":{
      "privateKeyid":{
         "type":{
            "dataType":"string"
         },
         "label":"Application Id",
         "constraints":{
            "required":true
         }
      },
      "privateKey":{
         "label":"Application Key",
         "type":{
            "dataType":"secureString"
         },
         "constraints":{
            "required":true
         }
      },
      "hostName":{
         "type":{
            "dataType":"string"
         },
         "label":"Hostname",
         "constraints":{
            "required":true
         }
         
      },
      "username":{
         "type":{
            "dataType":"string"
         },
         "label":"Username",
         "constraints":{
            "required":true
         }
         
      },
      "password":{
         "type":{
            "dataType":"secureString"
         },
         "label":"Password",
         "constraints":{
            "required":true
         }
         
      },
      "properties":{
         "type":{
            "dataType":"complex",
            "isMultiple":true,
            "fields":[
               {
                  "label":"Key",
                  "id":"prop_key",
                  "type":{
                     "dataType":"string"
                  },
                  "constraints":{

                  }
               },
               {
                  "label":"Value",
                  "id":"prop_value",
                  "type":{
                     "dataType":"string"
                  },
                  "constraints":{

                  }
               }
            ]
         },
         "placeholder":"",
         "default":[
            {
               "prop_key":"phpIPAM.IPAM.fooConfigProperty",
               "prop_value":"bar"
            }
         ],
         "constraints":{

         }
      }
   },
   "options":{

   }
}
